{"losses": [[0, 0, 0, 0, 0, 0, 0, 0, 0, 0, 0, 0, 0, 0, 0, 0, 0, 0, 0, 0, 0, 0, 0, 0, 0, 0, 0, 0, 0, 0, 0, 0.7184882760047913, 1280.1728515625, 14.709413528442383, 2.0687553882598877, 0.3897254168987274, 1.1662155389785767, 321.80755615234375]], "critic_losses": [[0, 0, 0, 0, 0, 0, 0, 0, 0, 0, 0, 0, 0, 0, 0, 0, 0, 0, 0, 0, 0, 0, 0, 0, 0, 0, 0, 0, 0, 0, 0, 0, 0, 0, 0, 0, 0, 0]], "steps": [38], "rewards": [-80.87359392129713], "distances": [[0.6067485213279724, 0.6072747707366943, 0.6074625253677368, 0.607474148273468, 0.6085044145584106, 0.642293393611908, 0.7507854104042053, 0.9367839694023132, 1.1854199171066284, 1.4839752912521362, 1.822528600692749, 2.2028543949127197, 2.5645811557769775, 2.932182550430298, 3.3745229244232178, 3.8444342613220215, 4.331154823303223, 4.852477073669434, 5.399229526519775, 5.900531768798828, 6.379830837249756, 6.922078609466553, 7.477384567260742, 8.06594467163086, 8.685081481933594, 9.316984176635742, 9.95244026184082, 10.627059936523438, 11.315887451171875, 12.010157585144043, 12.715166091918945, 13.419755935668945, 14.176400184631348, 14.962787628173828, 15.767324447631836, 16.57648277282715, 17.382205963134766, 18.251455307006836]], "episodes": 1, "epsilons": [[0.9, 0.9, 0.9, 0.9, 0.9, 0.9, 0.9, 0.9, 0.9, 0.9, 0.9, 0.9, 0.9, 0.9, 0.9, 0.9, 0.9, 0.9, 0.9, 0.9, 0.9, 0.9, 0.9, 0.9, 0.9, 0.9, 0.9, 0.9, 0.9, 0.9, 0.9, 0.8995500000000001, 0.8991002250000001, 0.8986506748875002, 0.8982013495500565, 0.8977522488752815, 0.8973033727508439, 0.8968547210644685]]}