{"losses": [[0, 0, 0, 0, 0, 0, 0, 0, 0, 0, 0, 0, 0, 0, 0, 0, 0, 0, 0, 0, 0, 0, 0, 0, 0, 0, 0, 0, 0, 0, 0, 0.7184882760047913, 1280.1728515625, 14.709413528442383, 2.0687553882598877, 0.3897254168987274, 1.1662155389785767, 321.80755615234375], [314.843505859375, 310.77410888671875, 19.894371032714844, 310.12835693359375, 311.11932373046875, 10.993209838867188, 98.18844604492188, 708.9472045898438, 308.5805969238281, 308.6331481933594, 2.927990436553955, 24.390094757080078, 5.322781562805176, 342.1858825683594, 309.1028747558594, 306.0035705566406, 307.8205261230469, 345.0865783691406, 45.02440643310547, 311.69384765625, 305.4188537597656, 315.6888732910156, 302.25262451171875, 31.663503646850586, 19.080005645751953, 20.633451461791992, 10.361852645874023, 4.338976860046387, 2.457303762435913, 4.226191520690918, 323.92822265625, 297.883056640625], [10.817777633666992, 314.35101318359375, 316.8280944824219, 627.037841796875, 307.0996398925781, 314.3583984375, 320.5037841796875, 10.123175621032715, 314.4771423339844, 623.5767822265625, 2.5675973892211914, 2.132721424102783, 2.8747034072875977, 6.251408100128174, 610.8018798828125, 308.6831970214844, 607.9789428710938, 6.729115009307861, 302.12396240234375, 52.547019958496094, 315.43756103515625, 306.8164978027344, 306.3033752441406, 305.7792053222656, 306.0199890136719, 305.558349609375, 28.957847595214844, 307.13006591796875, 3.0959854125976562, 309.424072265625, 1.4016789197921753, 621.984619140625]], "critic_losses": [[0, 0, 0, 0, 0, 0, 0, 0, 0, 0, 0, 0, 0, 0, 0, 0, 0, 0, 0, 0, 0, 0, 0, 0, 0, 0, 0, 0, 0, 0, 0, 0, 0, 0, 0, 0, 0, 0], [0, 0, 0, 0, 0, 0, 0, 0, 0, 0, 0, 0, 0, 0, 0, 0, 0, 0, 0, 0, 0, 0, 0, 0, 0, 0, 0, 0, 0, 0, 0, 0], [0, 0, 0, 0, 0, 0, 0, 0, 0, 0, 0, 0, 0, 0, 0, 0, 0, 0, 0, 0, 0, 0, 0, 0, 0, 0, 0, 0, 0, 0, 0, 0]], "steps": [38, 32, 32], "rewards": [-80.87359392129713, -88.68732164171007, -92.75062221950955], "distances": [[0.6067485213279724, 0.6072747707366943, 0.6074625253677368, 0.607474148273468, 0.6085044145584106, 0.642293393611908, 0.7507854104042053, 0.9367839694023132, 1.1854199171066284, 1.4839752912521362, 1.822528600692749, 2.2028543949127197, 2.5645811557769775, 2.932182550430298, 3.3745229244232178, 3.8444342613220215, 4.331154823303223, 4.852477073669434, 5.399229526519775, 5.900531768798828, 6.379830837249756, 6.922078609466553, 7.477384567260742, 8.06594467163086, 8.685081481933594, 9.316984176635742, 9.95244026184082, 10.627059936523438, 11.315887451171875, 12.010157585144043, 12.715166091918945, 13.419755935668945, 14.176400184631348, 14.962787628173828, 15.767324447631836, 16.57648277282715, 17.382205963134766, 18.251455307006836], [41.09109878540039, 41.13026428222656, 41.212158203125, 41.34346389770508, 41.51381301879883, 41.72416305541992, 41.98274230957031, 42.278465270996094, 42.61247634887695, 42.98605728149414, 43.398311614990234, 43.806678771972656, 44.22060775756836, 44.69132995605469, 45.19816589355469, 45.72475051879883, 46.261600494384766, 46.8210563659668, 47.384864807128906, 47.97163391113281, 48.56390380859375, 49.14625930786133, 49.71650314331055, 50.32684326171875, 50.94575119018555, 51.58897399902344, 52.244937896728516, 52.82099914550781, 53.34124755859375, 53.95134353637695, 54.583709716796875, 55.081512451171875], [115.73904418945312, 115.75607299804688, 115.78752899169922, 115.83936309814453, 115.9221420288086, 116.04625701904297, 116.19044494628906, 116.33921813964844, 116.5366439819336, 116.76007843017578, 116.98624420166016, 117.23503112792969, 117.53189849853516, 117.86653900146484, 118.20170593261719, 118.55875396728516, 118.96417999267578, 119.40866088867188, 119.85295867919922, 120.3179931640625, 120.83091735839844, 121.38529968261719, 121.90428161621094, 122.39729309082031, 122.90229797363281, 123.38575744628906, 123.98580932617188, 124.66156768798828, 125.38500213623047, 126.16813659667969, 126.92463684082031, 127.64765167236328]], "episodes": 3, "epsilons": [[0.9, 0.9, 0.9, 0.9, 0.9, 0.9, 0.9, 0.9, 0.9, 0.9, 0.9, 0.9, 0.9, 0.9, 0.9, 0.9, 0.9, 0.9, 0.9, 0.9, 0.9, 0.9, 0.9, 0.9, 0.9, 0.9, 0.9, 0.9, 0.9, 0.9, 0.9, 0.8995500000000001, 0.8991002250000001, 0.8986506748875002, 0.8982013495500565, 0.8977522488752815, 0.8973033727508439, 0.8968547210644685], [0.8964062937039363, 0.8959580905570844, 0.8955101115118059, 0.89506235645605, 0.8946148252778221, 0.8941675178651832, 0.8937204341062507, 0.8932735738891976, 0.892826937102253, 0.8923805236337019, 0.8919343333718851, 0.8914883662051992, 0.8910426220220967, 0.8905971007110857, 0.8901518021607302, 0.8897067262596499, 0.88926187289652, 0.8888172419600718, 0.8883728333390919, 0.8879286469224223, 0.8874846825989612, 0.8870409402576618, 0.886597419787533, 0.8861541210776394, 0.8857110440171005, 0.885268188495092, 0.8848255544008445, 0.8843831416236442, 0.8839409500528324, 0.883498979577806, 0.8830572300880172, 0.8826157014729732], [0.8821743936222367, 0.8817333064254257, 0.881292439772213, 0.880851793552327, 0.880411367655551, 0.8799711619717232, 0.8795311763907374, 0.879091410802542, 0.8786518650971409, 0.8782125391645924, 0.8777734328950102, 0.8773345461785628, 0.8768958789054735, 0.8764574309660208, 0.8760192022505379, 0.8755811926494127, 0.875143402053088, 0.8747058303520615, 0.8742684774368855, 0.8738313431981671, 0.8733944275265682, 0.8729577303128049, 0.8725212514476485, 0.8720849908219247, 0.8716489483265137, 0.8712131238523505, 0.8707775172904244, 0.8703421285317793, 0.8699069574675135, 0.8694720039887798, 0.8690372679867854, 0.868602749352792]]}