{"losses": [[0, 0, 0, 0], [0, 0, 0, 0], [0, 0, 0, 0, 0], [0, 0, 0, 0, 0, 0], [0, 0, 0, 0, 0, 0, 0]], "critic_losses": [[0, 0, 0, 0], [0, 0, 0, 0], [0, 0, 0, 0, 0], [0, 0, 0, 0, 0, 0], [0, 0, 0, 0, 0, 0, 0]], "steps": [4, 4, 5, 6, 7], "rewards": [-99.19373457166884, -100.17644182840984, -100.70306676228842, -100.30593711005316, -100.45276120768654], "distances": [[0.6098567247390747, 1.5532219409942627, 3.2154734134674072, 4.584168434143066], [92.57289123535156, 91.01750946044922, 88.41436767578125, 85.95893859863281], [119.96864318847656, 120.04448699951172, 121.28667449951172, 123.61236572265625, 125.6927719116211], [104.92425537109375, 104.02154541015625, 102.48136901855469, 100.23313903808594, 97.4224853515625, 96.57659912109375], [124.87763214111328, 124.917236328125, 124.44416046142578, 124.09414672851562, 124.7081069946289, 123.53486633300781, 121.49185180664062]], "episodes": 5, "epsilons": [[0.9, 0.9, 0.9, 0.9], [0.9, 0.9, 0.9, 0.9], [0.9, 0.9, 0.9, 0.9, 0.9], [0.9, 0.9, 0.9, 0.9, 0.9, 0.9], [0.9, 0.9, 0.9, 0.9, 0.9, 0.9, 0.9]]}