{"losses": [[0, 0, 0, 0], [0, 0, 0, 0], [0, 0, 0, 0, 0], [0, 0, 0, 0, 0, 0], [0, 0, 0, 0, 0, 0, 0], [0, 0, 0, 0], [0, 1872.9049072265625, 2575.41796875, 1658.73828125, 1666.4730224609375, 1223.811767578125], [1295.707763671875, 1773.3223876953125]], "critic_losses": [[0, 0, 0, 0], [0, 0, 0, 0], [0, 0, 0, 0, 0], [0, 0, 0, 0, 0, 0], [0, 0, 0, 0, 0, 0, 0], [0, 0, 0, 0], [0, 0, 0, 0, 0, 0], [0, 0]], "steps": [4, 4, 5, 6, 7, 4, 6, 2], "rewards": [-99.19373457166884, -100.17644182840984, -100.70306676228842, -100.30593711005316, -100.45276120768654, -100.24025658501519, -100.40050701565212, -99.00045632256402], "distances": [[0.6098567247390747, 1.5532219409942627, 3.2154734134674072, 4.584168434143066], [92.57289123535156, 91.01750946044922, 88.41436767578125, 85.95893859863281], [119.96864318847656, 120.04448699951172, 121.28667449951172, 123.61236572265625, 125.6927719116211], [104.92425537109375, 104.02154541015625, 102.48136901855469, 100.23313903808594, 97.4224853515625, 96.57659912109375], [124.87763214111328, 124.917236328125, 124.44416046142578, 124.09414672851562, 124.7081069946289, 123.53486633300781, 121.49185180664062], [140.39427185058594, 140.30120849609375, 139.03880310058594, 136.55833435058594], [53.66063690185547, 54.092525482177734, 54.246036529541016, 53.78467559814453, 53.557212829589844, 53.20570373535156], [85.2865219116211, 84.039306640625]], "episodes": 8, "epsilons": [[0.9, 0.9, 0.9, 0.9], [0.9, 0.9, 0.9, 0.9], [0.9, 0.9, 0.9, 0.9, 0.9], [0.9, 0.9, 0.9, 0.9, 0.9, 0.9], [0.9, 0.9, 0.9, 0.9, 0.9, 0.9, 0.9], [0.9, 0.9, 0.9, 0.9], [0.9, 0.8995500000000001, 0.8991002250000001, 0.8986506748875002, 0.8982013495500565, 0.8977522488752815], [0.8973033727508439, 0.8968547210644685]]}