{"losses": [[0, 0, 0, 0, 0, 0, 0, 0, 0, 0, 0, 0, 0, 0, 0, 0, 0, 0, 0, 0, 0, 0, 0, 0, 0, 0, 0, 0, 0, 0, 0, 0.7184882760047913, 1280.1728515625, 14.709413528442383, 2.0687553882598877, 0.3897254168987274, 1.1662155389785767, 321.80755615234375], [314.843505859375, 310.77410888671875, 19.894371032714844, 310.12835693359375, 311.11932373046875, 10.993209838867188, 98.18844604492188, 708.9472045898438, 308.5805969238281, 308.6331481933594, 2.927990436553955, 24.390094757080078, 5.322781562805176, 342.1858825683594, 309.1028747558594, 306.0035705566406, 307.8205261230469, 345.0865783691406, 45.02440643310547, 311.69384765625, 305.4188537597656, 315.6888732910156, 302.25262451171875, 31.663503646850586, 19.080005645751953, 20.633451461791992, 10.361852645874023, 4.338976860046387, 2.457303762435913, 4.226191520690918, 323.92822265625, 297.883056640625]], "critic_losses": [[0, 0, 0, 0, 0, 0, 0, 0, 0, 0, 0, 0, 0, 0, 0, 0, 0, 0, 0, 0, 0, 0, 0, 0, 0, 0, 0, 0, 0, 0, 0, 0, 0, 0, 0, 0, 0, 0], [0, 0, 0, 0, 0, 0, 0, 0, 0, 0, 0, 0, 0, 0, 0, 0, 0, 0, 0, 0, 0, 0, 0, 0, 0, 0, 0, 0, 0, 0, 0, 0]], "steps": [38, 32], "rewards": [-80.87359392129713, -88.68732164171007], "distances": [[0.6067485213279724, 0.6072747707366943, 0.6074625253677368, 0.607474148273468, 0.6085044145584106, 0.642293393611908, 0.7507854104042053, 0.9367839694023132, 1.1854199171066284, 1.4839752912521362, 1.822528600692749, 2.2028543949127197, 2.5645811557769775, 2.932182550430298, 3.3745229244232178, 3.8444342613220215, 4.331154823303223, 4.852477073669434, 5.399229526519775, 5.900531768798828, 6.379830837249756, 6.922078609466553, 7.477384567260742, 8.06594467163086, 8.685081481933594, 9.316984176635742, 9.95244026184082, 10.627059936523438, 11.315887451171875, 12.010157585144043, 12.715166091918945, 13.419755935668945, 14.176400184631348, 14.962787628173828, 15.767324447631836, 16.57648277282715, 17.382205963134766, 18.251455307006836], [41.09109878540039, 41.13026428222656, 41.212158203125, 41.34346389770508, 41.51381301879883, 41.72416305541992, 41.98274230957031, 42.278465270996094, 42.61247634887695, 42.98605728149414, 43.398311614990234, 43.806678771972656, 44.22060775756836, 44.69132995605469, 45.19816589355469, 45.72475051879883, 46.261600494384766, 46.8210563659668, 47.384864807128906, 47.97163391113281, 48.56390380859375, 49.14625930786133, 49.71650314331055, 50.32684326171875, 50.94575119018555, 51.58897399902344, 52.244937896728516, 52.82099914550781, 53.34124755859375, 53.95134353637695, 54.583709716796875, 55.081512451171875]], "episodes": 2, "epsilons": [[0.9, 0.9, 0.9, 0.9, 0.9, 0.9, 0.9, 0.9, 0.9, 0.9, 0.9, 0.9, 0.9, 0.9, 0.9, 0.9, 0.9, 0.9, 0.9, 0.9, 0.9, 0.9, 0.9, 0.9, 0.9, 0.9, 0.9, 0.9, 0.9, 0.9, 0.9, 0.8995500000000001, 0.8991002250000001, 0.8986506748875002, 0.8982013495500565, 0.8977522488752815, 0.8973033727508439, 0.8968547210644685], [0.8964062937039363, 0.8959580905570844, 0.8955101115118059, 0.89506235645605, 0.8946148252778221, 0.8941675178651832, 0.8937204341062507, 0.8932735738891976, 0.892826937102253, 0.8923805236337019, 0.8919343333718851, 0.8914883662051992, 0.8910426220220967, 0.8905971007110857, 0.8901518021607302, 0.8897067262596499, 0.88926187289652, 0.8888172419600718, 0.8883728333390919, 0.8879286469224223, 0.8874846825989612, 0.8870409402576618, 0.886597419787533, 0.8861541210776394, 0.8857110440171005, 0.885268188495092, 0.8848255544008445, 0.8843831416236442, 0.8839409500528324, 0.883498979577806, 0.8830572300880172, 0.8826157014729732]]}